﻿<?xml version="1.0" encoding="utf-8"?>
<TextureAtlas imagePath="DADDY_DEAREST.png">
	<!-- Created with Adobe Animate version 21.0.2.37893 -->
	<!-- http://www.adobe.com/products/animate.html -->
	<SubTexture name="Dad Sing Note DOWN0000" x="0" y="0" width="588" height="766" frameX="-6" frameY="-5" frameWidth="594" frameHeight="771"/>
	<SubTexture name="Dad Sing Note DOWN0001" x="0" y="0" width="588" height="766" frameX="-6" frameY="-5" frameWidth="594" frameHeight="771"/>
	<SubTexture name="Dad Sing Note DOWN0002" x="588" y="0" width="590" height="769" frameX="0" frameY="0" frameWidth="594" frameHeight="771"/>
	<SubTexture name="Dad Sing Note DOWN0003" x="588" y="0" width="590" height="769" frameX="0" frameY="0" frameWidth="594" frameHeight="771"/>
	<SubTexture name="Dad Sing Note DOWN0004" x="588" y="0" width="590" height="769" frameX="0" frameY="0" frameWidth="594" frameHeight="771"/>
	<SubTexture name="Dad Sing Note DOWN0005" x="588" y="0" width="590" height="769" frameX="0" frameY="0" frameWidth="594" frameHeight="771"/>
	<SubTexture name="Dad Sing Note DOWN0006" x="588" y="0" width="590" height="769" frameX="0" frameY="0" frameWidth="594" frameHeight="771"/>
	<SubTexture name="Dad Sing Note DOWN0007" x="588" y="0" width="590" height="769" frameX="0" frameY="0" frameWidth="594" frameHeight="771"/>
	<SubTexture name="Dad Sing Note DOWN0008" x="588" y="0" width="590" height="769" frameX="0" frameY="0" frameWidth="594" frameHeight="771"/>
	<SubTexture name="Dad Sing Note DOWN0009" x="588" y="0" width="590" height="769" frameX="0" frameY="0" frameWidth="594" frameHeight="771"/>
	<SubTexture name="Dad Sing Note DOWN0010" x="588" y="0" width="590" height="769" frameX="0" frameY="0" frameWidth="594" frameHeight="771"/>
	<SubTexture name="Dad Sing Note DOWN0011" x="588" y="0" width="590" height="769" frameX="0" frameY="0" frameWidth="594" frameHeight="771"/>
	<SubTexture name="Dad Sing Note DOWN0012" x="588" y="0" width="590" height="769" frameX="0" frameY="0" frameWidth="594" frameHeight="771"/>
	<SubTexture name="Dad Sing Note DOWN0013" x="588" y="0" width="590" height="769" frameX="0" frameY="0" frameWidth="594" frameHeight="771"/>
	<SubTexture name="Dad Sing Note DOWN0014" x="588" y="0" width="590" height="769" frameX="0" frameY="0" frameWidth="594" frameHeight="771"/>
	<SubTexture name="Dad Sing Note DOWN0015" x="588" y="0" width="590" height="769" frameX="0" frameY="0" frameWidth="594" frameHeight="771"/>
	<SubTexture name="Dad Sing Note LEFT0000" x="1178" y="0" width="475" height="806" frameX="0" frameY="-1" frameWidth="475" frameHeight="808"/>
	<SubTexture name="Dad Sing Note LEFT0001" x="1178" y="0" width="475" height="806" frameX="0" frameY="-1" frameWidth="475" frameHeight="808"/>
	<SubTexture name="Dad Sing Note LEFT0002" x="1653" y="0" width="453" height="808" frameX="-10" frameY="0" frameWidth="475" frameHeight="808"/>
	<SubTexture name="Dad Sing Note LEFT0003" x="1653" y="0" width="453" height="808" frameX="-10" frameY="0" frameWidth="475" frameHeight="808"/>
	<SubTexture name="Dad Sing Note LEFT0004" x="1653" y="0" width="453" height="808" frameX="-10" frameY="0" frameWidth="475" frameHeight="808"/>
	<SubTexture name="Dad Sing Note LEFT0005" x="1653" y="0" width="453" height="808" frameX="-10" frameY="0" frameWidth="475" frameHeight="808"/>
	<SubTexture name="Dad Sing Note LEFT0006" x="1653" y="0" width="453" height="808" frameX="-10" frameY="0" frameWidth="475" frameHeight="808"/>
	<SubTexture name="Dad Sing Note LEFT0007" x="1653" y="0" width="453" height="808" frameX="-10" frameY="0" frameWidth="475" frameHeight="808"/>
	<SubTexture name="Dad Sing Note LEFT0008" x="1653" y="0" width="453" height="808" frameX="-10" frameY="0" frameWidth="475" frameHeight="808"/>
	<SubTexture name="Dad Sing Note LEFT0009" x="1653" y="0" width="453" height="808" frameX="-10" frameY="0" frameWidth="475" frameHeight="808"/>
	<SubTexture name="Dad Sing Note LEFT0010" x="1653" y="0" width="453" height="808" frameX="-10" frameY="0" frameWidth="475" frameHeight="808"/>
	<SubTexture name="Dad Sing Note LEFT0011" x="1653" y="0" width="453" height="808" frameX="-10" frameY="0" frameWidth="475" frameHeight="808"/>
	<SubTexture name="Dad Sing Note LEFT0012" x="1653" y="0" width="453" height="808" frameX="-10" frameY="0" frameWidth="475" frameHeight="808"/>
	<SubTexture name="Dad Sing Note LEFT0013" x="1653" y="0" width="453" height="808" frameX="-10" frameY="0" frameWidth="475" frameHeight="808"/>
	<SubTexture name="Dad Sing Note LEFT0014" x="1653" y="0" width="453" height="808" frameX="-10" frameY="0" frameWidth="475" frameHeight="808"/>
	<SubTexture name="Dad Sing Note LEFT0015" x="1653" y="0" width="453" height="808" frameX="-10" frameY="0" frameWidth="475" frameHeight="808"/>
	<SubTexture name="Dad Sing Note LEFT0016" x="1653" y="0" width="453" height="808" frameX="-10" frameY="0" frameWidth="475" frameHeight="808"/>
	<SubTexture name="Dad Sing Note LEFT0017" x="1653" y="0" width="453" height="808" frameX="-10" frameY="0" frameWidth="475" frameHeight="808"/>
	<SubTexture name="Dad Sing Note LEFT0018" x="1653" y="0" width="453" height="808" frameX="-10" frameY="0" frameWidth="475" frameHeight="808"/>
	<SubTexture name="Dad Sing Note RIGHT0000" x="2106" y="0" width="538" height="805" frameX="0" frameY="-7" frameWidth="544" frameHeight="812"/>
	<SubTexture name="Dad Sing Note RIGHT0001" x="2106" y="0" width="538" height="805" frameX="0" frameY="-7" frameWidth="544" frameHeight="812"/>
	<SubTexture name="Dad Sing Note RIGHT0002" x="2644" y="0" width="543" height="812" frameX="-1" frameY="0" frameWidth="544" frameHeight="812"/>
	<SubTexture name="Dad Sing Note RIGHT0003" x="2644" y="0" width="543" height="812" frameX="-1" frameY="0" frameWidth="544" frameHeight="812"/>
	<SubTexture name="Dad Sing Note RIGHT0004" x="3187" y="0" width="543" height="812" frameX="-1" frameY="0" frameWidth="544" frameHeight="812"/>
	<SubTexture name="Dad Sing Note RIGHT0005" x="3187" y="0" width="543" height="812" frameX="-1" frameY="0" frameWidth="544" frameHeight="812"/>
	<SubTexture name="Dad Sing Note RIGHT0006" x="2644" y="0" width="543" height="812" frameX="-1" frameY="0" frameWidth="544" frameHeight="812"/>
	<SubTexture name="Dad Sing Note RIGHT0007" x="2644" y="0" width="543" height="812" frameX="-1" frameY="0" frameWidth="544" frameHeight="812"/>
	<SubTexture name="Dad Sing Note RIGHT0008" x="3187" y="0" width="543" height="812" frameX="-1" frameY="0" frameWidth="544" frameHeight="812"/>
	<SubTexture name="Dad Sing Note RIGHT0009" x="3187" y="0" width="543" height="812" frameX="-1" frameY="0" frameWidth="544" frameHeight="812"/>
	<SubTexture name="Dad Sing Note RIGHT0010" x="2644" y="0" width="543" height="812" frameX="-1" frameY="0" frameWidth="544" frameHeight="812"/>
	<SubTexture name="Dad Sing Note RIGHT0011" x="2644" y="0" width="543" height="812" frameX="-1" frameY="0" frameWidth="544" frameHeight="812"/>
	<SubTexture name="Dad Sing Note RIGHT0012" x="3187" y="0" width="543" height="812" frameX="-1" frameY="0" frameWidth="544" frameHeight="812"/>
	<SubTexture name="Dad Sing Note RIGHT0013" x="3187" y="0" width="543" height="812" frameX="-1" frameY="0" frameWidth="544" frameHeight="812"/>
	<SubTexture name="Dad Sing Note RIGHT0014" x="2644" y="0" width="543" height="812" frameX="-1" frameY="0" frameWidth="544" frameHeight="812"/>
	<SubTexture name="Dad Sing Note RIGHT0015" x="2644" y="0" width="543" height="812" frameX="-1" frameY="0" frameWidth="544" frameHeight="812"/>
	<SubTexture name="Dad Sing Note UP0000" x="0" y="812" width="555" height="831" frameX="-1" frameY="0" frameWidth="556" frameHeight="832"/>
	<SubTexture name="Dad Sing Note UP0001" x="0" y="812" width="555" height="831" frameX="-1" frameY="0" frameWidth="556" frameHeight="832"/>
	<SubTexture name="Dad Sing Note UP0002" x="555" y="812" width="555" height="824" frameX="0" frameY="-8" frameWidth="556" frameHeight="832"/>
	<SubTexture name="Dad Sing Note UP0003" x="555" y="812" width="555" height="824" frameX="0" frameY="-8" frameWidth="556" frameHeight="832"/>
	<SubTexture name="Dad Sing Note UP0004" x="1110" y="812" width="555" height="824" frameX="0" frameY="-8" frameWidth="556" frameHeight="832"/>
	<SubTexture name="Dad Sing Note UP0005" x="1110" y="812" width="555" height="824" frameX="0" frameY="-8" frameWidth="556" frameHeight="832"/>
	<SubTexture name="Dad Sing Note UP0006" x="555" y="812" width="555" height="824" frameX="0" frameY="-8" frameWidth="556" frameHeight="832"/>
	<SubTexture name="Dad Sing Note UP0007" x="555" y="812" width="555" height="824" frameX="0" frameY="-8" frameWidth="556" frameHeight="832"/>
	<SubTexture name="Dad Sing Note UP0008" x="1110" y="812" width="555" height="824" frameX="0" frameY="-8" frameWidth="556" frameHeight="832"/>
	<SubTexture name="Dad Sing Note UP0009" x="1110" y="812" width="555" height="824" frameX="0" frameY="-8" frameWidth="556" frameHeight="832"/>
	<SubTexture name="Dad Sing Note UP0010" x="555" y="812" width="555" height="824" frameX="0" frameY="-8" frameWidth="556" frameHeight="832"/>
	<SubTexture name="Dad Sing Note UP0011" x="555" y="812" width="555" height="824" frameX="0" frameY="-8" frameWidth="556" frameHeight="832"/>
	<SubTexture name="Dad Sing Note UP0012" x="1110" y="812" width="555" height="824" frameX="0" frameY="-8" frameWidth="556" frameHeight="832"/>
	<SubTexture name="Dad Sing Note UP0013" x="1110" y="812" width="555" height="824" frameX="0" frameY="-8" frameWidth="556" frameHeight="832"/>
	<SubTexture name="Dad Sing Note UP0014" x="555" y="812" width="555" height="824" frameX="0" frameY="-8" frameWidth="556" frameHeight="832"/>
	<SubTexture name="Dad Sing Note UP0015" x="555" y="812" width="555" height="824" frameX="0" frameY="-8" frameWidth="556" frameHeight="832"/>
	<SubTexture name="Dad Sing Note UP0016" x="1110" y="812" width="555" height="824" frameX="0" frameY="-8" frameWidth="556" frameHeight="832"/>
	<SubTexture name="Dad Sing Note UP0017" x="1110" y="812" width="555" height="824" frameX="0" frameY="-8" frameWidth="556" frameHeight="832"/>
	<SubTexture name="Dad Sing Note UP0018" x="555" y="812" width="555" height="824" frameX="0" frameY="-8" frameWidth="556" frameHeight="832"/>
	<SubTexture name="Dad Sing Note UP0019" x="555" y="812" width="555" height="824" frameX="0" frameY="-8" frameWidth="556" frameHeight="832"/>
	<SubTexture name="Dad Sing Note UP0020" x="1110" y="812" width="555" height="824" frameX="0" frameY="-8" frameWidth="556" frameHeight="832"/>
	<SubTexture name="Dad Sing Note UP0021" x="1110" y="812" width="555" height="824" frameX="0" frameY="-8" frameWidth="556" frameHeight="832"/>
	<SubTexture name="Dad Sing Note UP0022" x="555" y="812" width="555" height="824" frameX="0" frameY="-8" frameWidth="556" frameHeight="832"/>
	<SubTexture name="Dad Sing Note UP0023" x="555" y="812" width="555" height="824" frameX="0" frameY="-8" frameWidth="556" frameHeight="832"/>
	<SubTexture name="Dad Sing Note UP0024" x="1110" y="812" width="555" height="824" frameX="0" frameY="-8" frameWidth="556" frameHeight="832"/>
	<SubTexture name="Dad Sing Note UP0025" x="1110" y="812" width="555" height="824" frameX="0" frameY="-8" frameWidth="556" frameHeight="832"/>
	<SubTexture name="Dad Sing Note UP0026" x="555" y="812" width="555" height="824" frameX="0" frameY="-8" frameWidth="556" frameHeight="832"/>
	<SubTexture name="Dad Sing Note UP0027" x="555" y="812" width="555" height="824" frameX="0" frameY="-8" frameWidth="556" frameHeight="832"/>
	<SubTexture name="Dad Sing Note UP0028" x="1110" y="812" width="555" height="824" frameX="0" frameY="-8" frameWidth="556" frameHeight="832"/>
	<SubTexture name="Dad Sing Note UP0029" x="1110" y="812" width="555" height="824" frameX="0" frameY="-8" frameWidth="556" frameHeight="832"/>
	<SubTexture name="Dad Sing Note UP0030" x="555" y="812" width="555" height="824" frameX="0" frameY="-8" frameWidth="556" frameHeight="832"/>
	<SubTexture name="Dad Sing Note UP0031" x="555" y="812" width="555" height="824" frameX="0" frameY="-8" frameWidth="556" frameHeight="832"/>
	<SubTexture name="Dad Sing Note UP0032" x="1110" y="812" width="555" height="824" frameX="0" frameY="-8" frameWidth="556" frameHeight="832"/>
	<SubTexture name="Dad Sing Note UP0033" x="1110" y="812" width="555" height="824" frameX="0" frameY="-8" frameWidth="556" frameHeight="832"/>
	<SubTexture name="Dad Sing Note UP0034" x="555" y="812" width="555" height="824" frameX="0" frameY="-8" frameWidth="556" frameHeight="832"/>
	<SubTexture name="Dad Sing Note UP0035" x="555" y="812" width="555" height="824" frameX="0" frameY="-8" frameWidth="556" frameHeight="832"/>
	<SubTexture name="Dad Sing Note UP0036" x="1110" y="812" width="555" height="824" frameX="0" frameY="-8" frameWidth="556" frameHeight="832"/>
	<SubTexture name="Dad Sing Note UP0037" x="1110" y="812" width="555" height="824" frameX="0" frameY="-8" frameWidth="556" frameHeight="832"/>
	<SubTexture name="Dad Sing Note UP0038" x="555" y="812" width="555" height="824" frameX="0" frameY="-8" frameWidth="556" frameHeight="832"/>
	<SubTexture name="Dad Sing Note UP0039" x="555" y="812" width="555" height="824" frameX="0" frameY="-8" frameWidth="556" frameHeight="832"/>
	<SubTexture name="Dad Sing Note UP0040" x="1110" y="812" width="555" height="824" frameX="0" frameY="-8" frameWidth="556" frameHeight="832"/>
	<SubTexture name="Dad Sing Note UP0041" x="1110" y="812" width="555" height="824" frameX="0" frameY="-8" frameWidth="556" frameHeight="832"/>
	<SubTexture name="Dad Sing Note UP0042" x="555" y="812" width="555" height="824" frameX="0" frameY="-8" frameWidth="556" frameHeight="832"/>
	<SubTexture name="Dad Sing Note UP0043" x="555" y="812" width="555" height="824" frameX="0" frameY="-8" frameWidth="556" frameHeight="832"/>
	<SubTexture name="Dad Sing Note UP0044" x="1110" y="812" width="555" height="824" frameX="0" frameY="-8" frameWidth="556" frameHeight="832"/>
	<SubTexture name="Dad Sing Note UP0045" x="1110" y="812" width="555" height="824" frameX="0" frameY="-8" frameWidth="556" frameHeight="832"/>
	<SubTexture name="Dad Sing Note UP0046" x="555" y="812" width="555" height="824" frameX="0" frameY="-8" frameWidth="556" frameHeight="832"/>
	<SubTexture name="Dad Sing Note UP0047" x="555" y="812" width="555" height="824" frameX="0" frameY="-8" frameWidth="556" frameHeight="832"/>
	<SubTexture name="Dad Sing Note UP0048" x="1110" y="812" width="555" height="824" frameX="0" frameY="-8" frameWidth="556" frameHeight="832"/>
	<SubTexture name="Dad Sing Note UP0049" x="1110" y="812" width="555" height="824" frameX="0" frameY="-8" frameWidth="556" frameHeight="832"/>
	<SubTexture name="Dad Sing Note UP0050" x="555" y="812" width="555" height="824" frameX="0" frameY="-8" frameWidth="556" frameHeight="832"/>
	<SubTexture name="Dad Sing Note UP0051" x="555" y="812" width="555" height="824" frameX="0" frameY="-8" frameWidth="556" frameHeight="832"/>
	<SubTexture name="Dad Sing Note UP0052" x="1110" y="812" width="555" height="824" frameX="0" frameY="-8" frameWidth="556" frameHeight="832"/>
	<SubTexture name="Dad Sing Note UP0053" x="1110" y="812" width="555" height="824" frameX="0" frameY="-8" frameWidth="556" frameHeight="832"/>
	<SubTexture name="Dad Sing Note UP0054" x="555" y="812" width="555" height="824" frameX="0" frameY="-8" frameWidth="556" frameHeight="832"/>
	<SubTexture name="Dad Sing Note UP0055" x="555" y="812" width="555" height="824" frameX="0" frameY="-8" frameWidth="556" frameHeight="832"/>
	<SubTexture name="Dad Sing Note UP0056" x="1110" y="812" width="555" height="824" frameX="0" frameY="-8" frameWidth="556" frameHeight="832"/>
	<SubTexture name="Dad Sing Note UP0057" x="1110" y="812" width="555" height="824" frameX="0" frameY="-8" frameWidth="556" frameHeight="832"/>
	<SubTexture name="Dad Sing Note UP0058" x="555" y="812" width="555" height="824" frameX="0" frameY="-8" frameWidth="556" frameHeight="832"/>
	<SubTexture name="Dad Sing Note UP0059" x="555" y="812" width="555" height="824" frameX="0" frameY="-8" frameWidth="556" frameHeight="832"/>
	<SubTexture name="Dad idle dance0000" x="1665" y="812" width="502" height="773" frameX="-3" frameY="0" frameWidth="526" frameHeight="774"/>
	<SubTexture name="Dad idle dance0001" x="1665" y="812" width="502" height="773" frameX="-3" frameY="0" frameWidth="526" frameHeight="774"/>
	<SubTexture name="Dad idle dance0002" x="2167" y="812" width="519" height="765" frameX="0" frameY="-8" frameWidth="526" frameHeight="774"/>
	<SubTexture name="Dad idle dance0003" x="2167" y="812" width="519" height="765" frameX="0" frameY="-8" frameWidth="526" frameHeight="774"/>
	<SubTexture name="Dad idle dance0004" x="2686" y="812" width="522" height="763" frameX="-2" frameY="-10" frameWidth="526" frameHeight="774"/>
	<SubTexture name="Dad idle dance0005" x="2686" y="812" width="522" height="763" frameX="-2" frameY="-10" frameWidth="526" frameHeight="774"/>
	<SubTexture name="Dad idle dance0006" x="3208" y="812" width="522" height="766" frameX="-3" frameY="-8" frameWidth="526" frameHeight="774"/>
	<SubTexture name="Dad idle dance0007" x="3208" y="812" width="522" height="766" frameX="-3" frameY="-8" frameWidth="526" frameHeight="774"/>
	<SubTexture name="Dad idle dance0008" x="0" y="1643" width="521" height="773" frameX="-5" frameY="-1" frameWidth="526" frameHeight="774"/>
	<SubTexture name="Dad idle dance0009" x="0" y="1643" width="521" height="773" frameX="-5" frameY="-1" frameWidth="526" frameHeight="774"/>
	<SubTexture name="Dad idle dance0010" x="521" y="1643" width="520" height="774" frameX="-6" frameY="0" frameWidth="526" frameHeight="774"/>
	<SubTexture name="Dad idle dance0011" x="521" y="1643" width="520" height="774" frameX="-6" frameY="0" frameWidth="526" frameHeight="774"/>
	<SubTexture name="Dad idle dance0012" x="521" y="1643" width="520" height="774" frameX="-6" frameY="0" frameWidth="526" frameHeight="774"/>
</TextureAtlas>
