{
    "storyName": "",
    "difficulties": "Normal",
    "hideFreeplay": true,
    "weekBackground": "",
    "freeplayColor": [
        255,
        0,
        255
    ],
    "weekBefore": "tutorial",
    "startUnlocked": true,
    "weekCharacters": [
        "",
        "",
        ""
    ],
    "songs": [
        [
            "gold",
            "chungus",
            [
                200,
                200,
                0
            ]
        ]
    ],
    "hideStoryMode": true,
    "weekName": "",
    "hiddenUntilUnlocked": false
}