{"notes":[{"sectionNotes":[[0,1,0],[200,1,0],[400,3,0],[700,3,0],[900,1,0],[1000,0,0],[1400,0,0],[1100,2,0],[1300,1,0]],"lengthInSteps":16,"typeOfSection":0,"mustHitSection":false},{"sectionNotes":[[1600,1,0],[1800,1,0],[2000,3,0],[2300,3,0],[2500,1,0],[2600,0,0],[3000,3,0],[2800,2,0]],"lengthInSteps":16,"typeOfSection":0,"mustHitSection":true},{"sectionNotes":[[3200,1,0],[3400,1,0],[3600,3,0],[3900,3,0],[4100,1,0],[4200,0,0],[4400,2,0],[4600,0,0],[4700,3,0]],"lengthInSteps":16,"typeOfSection":0,"mustHitSection":false},{"sectionNotes":[[4800,1,0],[5000,1,0],[5200,3,0],[5500,3,0],[5700,1,0],[5800,0,0],[6200,0,0],[6000,3,0]],"lengthInSteps":16,"typeOfSection":0,"mustHitSection":true},{"sectionNotes":[[6400,2,0],[6600,1,0],[6800,2,0],[7000,1,0],[7100,3,0],[7200,2,0],[7300,0,0],[7400,1,0],[7500,0,0],[7600,3,0],[7800,1,0]],"lengthInSteps":16,"typeOfSection":0,"mustHitSection":false},{"sectionNotes":[[8000,2,0],[8200,1,0],[8400,2,0],[8600,1,0],[8700,3,0],[8800,2,0],[8900,0,0],[9000,1,0],[9100,0,0],[9200,3,0],[9400,1,0],[8100,0,0]],"lengthInSteps":16,"typeOfSection":0,"mustHitSection":false},{"sectionNotes":[[9600,0,0],[9800,1,0],[10000,3,0],[10200,1,0],[10400,0,0],[10600,1,0],[10800,3,0],[11000,1,0]],"lengthInSteps":16,"typeOfSection":0,"mustHitSection":true},{"sectionNotes":[[11200,0,0],[11600,0,0],[11800,1,0],[12000,3,0],[12200,0,0],[12400,3,0],[11400,1,0]],"lengthInSteps":16,"typeOfSection":0,"mustHitSection":true},{"sectionNotes":[[12800,0,0],[13200,0,0],[13000,2,0],[13400,1,0],[13600,3,0],[13800,0,0],[14000,3,0],[14200,1,0]],"lengthInSteps":16,"typeOfSection":0,"mustHitSection":false},{"sectionNotes":[[14600,2,0],[15000,1,0],[15600,3,0],[14400,3,0],[14800,3,0],[15200,0,0],[15400,2,0]],"lengthInSteps":16,"typeOfSection":0,"mustHitSection":false},{"sectionNotes":[[16000,0,0],[16200,1,0],[17200,3,0]],"lengthInSteps":16,"typeOfSection":0,"mustHitSection":true},{"sectionNotes":[[17600,0,0],[17800,1,0],[18800,3,0],[18900,3,0],[19000,2,0]],"lengthInSteps":16,"typeOfSection":0,"mustHitSection":true},{"sectionNotes":[[19200,6,0],[19400,7,0],[19200,3,0],[19400,0,0],[19600,3,0],[19800,0,0],[20000,2,0],[20400,1,0]],"lengthInSteps":16,"typeOfSection":0,"mustHitSection":false},{"sectionNotes":[[20800,3,0],[21000,0,0],[21200,3,0],[21400,0,0],[21600,2,0],[22000,1,0]],"lengthInSteps":16,"typeOfSection":0,"mustHitSection":false},{"sectionNotes":[[22400,3,0],[22600,0,0],[22800,3,0],[23000,0,0],[23200,2,0],[23600,1,0],[23800,2,0]],"lengthInSteps":16,"typeOfSection":0,"mustHitSection":true},{"sectionNotes":[[24000,3,0],[24200,0,0],[24400,3,0],[24600,0,0],[24800,2,0],[25200,1,0]],"lengthInSteps":16,"typeOfSection":0,"mustHitSection":true},{"sectionNotes":[[25600,2,0],[25800,1,0],[26000,2,0],[26100,3,0],[26200,1,0],[26400,1,0],[27000,0,0]],"lengthInSteps":16,"typeOfSection":0,"mustHitSection":false},{"sectionNotes":[[27200,2,0],[27400,1,0],[27600,2,0],[28000,1,0],[27700,2,0],[27800,3,0],[28600,4,0]],"lengthInSteps":16,"typeOfSection":0,"mustHitSection":false},{"sectionNotes":[[28800,2,0],[29200,2,0],[30200,0,0],[29000,3,0],[29400,0,0],[29600,2,0]],"lengthInSteps":16,"typeOfSection":0,"mustHitSection":true},{"sectionNotes":[[30400,2,0],[31000,3,0],[30600,0,0],[31200,2,0],[30800,2,0]],"lengthInSteps":16,"typeOfSection":0,"mustHitSection":true},{"sectionNotes":[[32800,2,0],[33000,3,0],[32400,1,200],[32000,1,200],[33200,1,200]],"lengthInSteps":16,"typeOfSection":0,"mustHitSection":false},{"sectionNotes":[[33600,0,0],[33800,3,0],[34000,0,0],[34200,3,0],[34400,1,200],[34800,1,200]],"lengthInSteps":16,"typeOfSection":0,"mustHitSection":false},{"sectionNotes":[[35200,0,0],[36000,3,0],[35400,3,0],[36200,0,0],[35600,1,200],[36400,1,200]],"lengthInSteps":16,"typeOfSection":0,"mustHitSection":true},{"sectionNotes":[[36800,0,0],[37000,3,0],[37200,0,0],[37400,3,0],[37600,1,200],[38000,1,200]],"lengthInSteps":16,"typeOfSection":0,"mustHitSection":true},{"sectionNotes":[[38400,0,0],[38600,3,0],[38800,0,0],[39000,3,0],[39200,1,200],[39600,1,200]],"lengthInSteps":16,"typeOfSection":0,"mustHitSection":false},{"sectionNotes":[[40000,0,0],[40200,3,0],[40400,0,0],[40600,3,0],[40800,1,200],[41200,1,200]],"lengthInSteps":16,"typeOfSection":0,"mustHitSection":false},{"sectionNotes":[[41600,0,0],[41800,3,0],[42000,0,0],[42200,3,0],[42600,3,0],[42400,0,0],[42800,1,200]],"lengthInSteps":16,"typeOfSection":0,"mustHitSection":true},{"sectionNotes":[[43200,0,0],[43400,3,0],[43600,0,0],[43800,3,0],[44000,1,0],[44200,2,0],[44400,1,0],[44600,0,0]],"lengthInSteps":16,"typeOfSection":0,"mustHitSection":true},{"sectionNotes":[[44800,3,0],[45000,0,0],[46000,1,0],[46200,0,0],[44800,4,0],[44900,7,0],[45000,4,0],[45200,6,0],[45400,5,0],[45500,7,0],[45600,4,0],[45800,5,0],[45900,7,0],[46300,5,0]],"lengthInSteps":16,"typeOfSection":0,"mustHitSection":true},{"sectionNotes":[[46400,3,0],[46600,0,0],[46800,1,0],[47000,0,0],[47600,1,0],[47800,0,0],[46400,6,0],[46600,6,0],[46700,5,0],[46800,6,0],[47000,6,0],[47100,5,0],[47200,7,0],[47800,5,0],[46500,4,0],[46900,7,0],[47400,4,0],[47500,7,0],[47900,4,0]],"lengthInSteps":16,"typeOfSection":0,"mustHitSection":true},{"sectionNotes":[[48200,1,0],[48100,5,0],[48300,5,0],[48500,5,0],[48800,7,0],[48900,5,0],[49100,5,0],[49300,7,0],[48000,3,0],[48000,6,0],[48600,4,0],[48200,7,0],[49000,6,0],[49200,1,0],[49400,0,0],[49400,5,0]],"lengthInSteps":16,"typeOfSection":0,"mustHitSection":true},{"sectionNotes":[[49600,3,0],[49800,1,0],[50000,0,0],[50200,1,0],[50600,2,0],[50800,3,0],[49600,7,0],[50200,6,0],[51100,5,0],[49700,5,0],[49900,4,0],[50100,5,0],[51000,6,0],[51000,0,0]],"lengthInSteps":16,"typeOfSection":0,"mustHitSection":true},{"sectionNotes":[[51200,3,0],[52600,0,0],[51200,6,0],[51600,6,0],[51800,5,0],[52000,7,0],[52200,7,0],[52300,5,0],[52400,6,0],[52700,5,0],[51400,1,0],[51600,0,0],[51400,5,0],[51900,4,0],[52100,6,0],[52500,4,0]],"lengthInSteps":16,"typeOfSection":0,"mustHitSection":true},{"sectionNotes":[[52800,3,0],[53200,3,0],[53400,0,0],[53600,3,0],[53800,2,0],[54000,3,0],[54200,0,0],[52800,6,0],[52900,6,0],[53200,6,0],[53400,6,0],[53500,5,0],[53000,4,0],[53600,4,0],[53800,4,0],[53900,5,0],[54000,6,0],[54200,6,0],[54300,4,0],[53000,0,0],[53700,5,0],[54100,7,0]],"lengthInSteps":16,"typeOfSection":0,"mustHitSection":true},{"sectionNotes":[[54400,1,0],[55400,1,0],[55600,0,0],[55800,3,0],[54600,7,0],[54700,4,0],[54800,7,0],[55100,5,0],[55400,4,0],[55500,5,0],[55600,7,0],[55800,7,0],[55900,5,0],[54400,4,0],[54500,5,0],[54900,6,0],[55000,4,0],[55200,7,0],[55300,6,0],[55700,4,0]],"lengthInSteps":16,"typeOfSection":0,"mustHitSection":true},{"sectionNotes":[[56000,3,0],[56000,6,0],[56200,6,0],[56400,6,0],[56600,6,0],[56800,7,0],[57200,7,0],[56300,5,0],[56500,5,0],[56700,5,0],[57000,4,0],[57300,4,0]],"lengthInSteps":16,"typeOfSection":0,"mustHitSection":true},{"sectionNotes":[[57600,1,0],[57800,1,0],[58000,3,0],[58300,3,0],[58500,1,0],[58600,0,0],[58700,2,0],[58900,1,0],[59000,0,0]],"lengthInSteps":16,"typeOfSection":0,"mustHitSection":false},{"sectionNotes":[[59200,1,0],[59400,1,0],[59600,3,0],[59900,3,0],[60100,1,0],[60200,0,0],[60600,0,0],[60400,3,0]],"lengthInSteps":16,"typeOfSection":0,"mustHitSection":true},{"sectionNotes":[[60800,1,0],[61000,1,0],[61200,3,0],[61500,3,0],[61700,1,0],[61800,0,0],[62200,0,0],[62000,2,0],[62300,3,0]],"lengthInSteps":16,"typeOfSection":0,"mustHitSection":false},{"sectionNotes":[[62400,1,0],[62600,1,0],[62800,3,0],[63100,3,0],[63300,1,0],[63400,0,0],[63600,2,0],[63800,3,0]],"lengthInSteps":16,"typeOfSection":0,"mustHitSection":true},{"sectionNotes":[],"lengthInSteps":16,"typeOfSection":0,"mustHitSection":true},{"sectionNotes":[],"lengthInSteps":16,"typeOfSection":0,"mustHitSection":true},{"lengthInSteps":16,"typeOfSection":0,"sectionNotes":[],"bpm":120,"changeBPM":false,"mustHitSection":true},{"lengthInSteps":16,"typeOfSection":0,"sectionNotes":[],"bpm":150,"changeBPM":false,"mustHitSection":true},{"lengthInSteps":16,"typeOfSection":0,"sectionNotes":[],"bpm":150,"changeBPM":false,"mustHitSection":true},{"lengthInSteps":16,"typeOfSection":0,"sectionNotes":[],"bpm":150,"changeBPM":false,"mustHitSection":true},{"lengthInSteps":16,"typeOfSection":0,"sectionNotes":[],"bpm":150,"changeBPM":false,"mustHitSection":true},{"sectionNotes":[],"typeOfSection":0,"lengthInSteps":16,"mustHitSection":true,"changeBPM":false,"bpm":150},{"lengthInSteps":16,"typeOfSection":0,"sectionNotes":[],"bpm":150,"changeBPM":false,"mustHitSection":true},{"sectionNotes":[],"typeOfSection":0,"lengthInSteps":16,"mustHitSection":true,"changeBPM":false,"bpm":150},{"lengthInSteps":16,"typeOfSection":0,"sectionNotes":[],"bpm":150,"changeBPM":false,"mustHitSection":true},{"lengthInSteps":16,"typeOfSection":0,"sectionNotes":[],"bpm":150,"changeBPM":false,"mustHitSection":true}],"sections":52,"bpm":150,"song":{"sectionLengths":[],"player1":"bf","notes":[{"sectionNotes":[[0,1,0],[200,1,0],[400,3,0],[700,3,0],[900,1,0],[1000,0,0],[1400,0,0],[1100,2,0],[1300,1,0]],"lengthInSteps":16,"typeOfSection":0,"mustHitSection":false},{"sectionNotes":[[1600,1,0],[1800,1,0],[2000,3,0],[2300,3,0],[2500,1,0],[2600,0,0],[3000,3,0],[2800,2,0]],"lengthInSteps":16,"typeOfSection":0,"mustHitSection":true},{"sectionNotes":[[3200,1,0],[3400,1,0],[3600,3,0],[3900,3,0],[4100,1,0],[4200,0,0],[4400,2,0],[4600,0,0],[4700,3,0]],"lengthInSteps":16,"typeOfSection":0,"mustHitSection":false},{"sectionNotes":[[4800,1,0],[5000,1,0],[5200,3,0],[5500,3,0],[5700,1,0],[5800,0,0],[6200,0,0],[6000,3,0]],"lengthInSteps":16,"typeOfSection":0,"mustHitSection":true},{"sectionNotes":[[6400,2,0],[6600,1,0],[6800,2,0],[7000,1,0],[7100,3,0],[7200,2,0],[7300,0,0],[7400,1,0],[7500,0,0],[7600,3,0],[7800,1,0]],"lengthInSteps":16,"typeOfSection":0,"mustHitSection":false},{"sectionNotes":[[8000,2,0],[8200,1,0],[8400,2,0],[8600,1,0],[8700,3,0],[8800,2,0],[8900,0,0],[9000,1,0],[9100,0,0],[9200,3,0],[9400,1,0],[8100,0,0]],"lengthInSteps":16,"typeOfSection":0,"mustHitSection":false},{"sectionNotes":[[9600,0,0],[9800,1,0],[10000,3,0],[10200,1,0],[10400,0,0],[10600,1,0],[10800,3,0],[11000,1,0]],"lengthInSteps":16,"typeOfSection":0,"mustHitSection":true},{"sectionNotes":[[11200,0,0],[11600,0,0],[11800,1,0],[12000,3,0],[12200,0,0],[12400,3,0],[11400,1,0]],"lengthInSteps":16,"typeOfSection":0,"mustHitSection":true},{"sectionNotes":[[12800,0,0],[13200,0,0],[13000,2,0],[13400,1,0],[13600,3,0],[13800,0,0],[14000,3,0],[14200,1,0]],"lengthInSteps":16,"typeOfSection":0,"mustHitSection":false},{"sectionNotes":[[14600,2,0],[15000,1,0],[15600,3,0],[14400,3,0],[14800,3,0],[15200,0,0],[15400,2,0]],"lengthInSteps":16,"typeOfSection":0,"mustHitSection":false},{"sectionNotes":[[16000,0,0],[16200,1,0],[17200,3,0]],"lengthInSteps":16,"typeOfSection":0,"mustHitSection":true},{"sectionNotes":[[17600,0,0],[17800,1,0],[18800,3,0],[18900,3,0],[19000,2,0]],"lengthInSteps":16,"typeOfSection":0,"mustHitSection":true},{"sectionNotes":[[19200,6,0],[19400,7,0],[19200,3,0],[19400,0,0],[19600,3,0],[19800,0,0],[20000,2,0],[20400,1,0]],"lengthInSteps":16,"typeOfSection":0,"mustHitSection":false},{"sectionNotes":[[20800,3,0],[21000,0,0],[21200,3,0],[21400,0,0],[21600,2,0],[22000,1,0]],"lengthInSteps":16,"typeOfSection":0,"mustHitSection":false},{"sectionNotes":[[22400,3,0],[22600,0,0],[22800,3,0],[23000,0,0],[23200,2,0],[23600,1,0],[23800,2,0]],"lengthInSteps":16,"typeOfSection":0,"mustHitSection":true},{"sectionNotes":[[24000,3,0],[24200,0,0],[24400,3,0],[24600,0,0],[24800,2,0],[25200,1,0]],"lengthInSteps":16,"typeOfSection":0,"mustHitSection":true},{"sectionNotes":[[25600,2,0],[25800,1,0],[26000,2,0],[26100,3,0],[26200,1,0],[26400,1,0],[27000,0,0]],"lengthInSteps":16,"typeOfSection":0,"mustHitSection":false},{"sectionNotes":[[27200,2,0],[27400,1,0],[27600,2,0],[28000,1,0],[27700,2,0],[27800,3,0],[28600,4,0]],"lengthInSteps":16,"typeOfSection":0,"mustHitSection":false},{"sectionNotes":[[28800,2,0],[29200,2,0],[30200,0,0],[29000,3,0],[29400,0,0],[29600,2,0]],"lengthInSteps":16,"typeOfSection":0,"mustHitSection":true},{"sectionNotes":[[30400,2,0],[31000,3,0],[30600,0,0],[31200,2,0],[30800,2,0]],"lengthInSteps":16,"typeOfSection":0,"mustHitSection":true},{"sectionNotes":[[32800,2,0],[33000,3,0],[32400,1,200],[32000,1,200],[33200,1,200]],"lengthInSteps":16,"typeOfSection":0,"mustHitSection":false},{"sectionNotes":[[33600,0,0],[33800,3,0],[34000,0,0],[34200,3,0],[34400,1,200],[34800,1,200]],"lengthInSteps":16,"typeOfSection":0,"mustHitSection":false},{"sectionNotes":[[35200,0,0],[36000,3,0],[35400,3,0],[36200,0,0],[35600,1,200],[36400,1,200]],"lengthInSteps":16,"typeOfSection":0,"mustHitSection":true},{"sectionNotes":[[36800,0,0],[37000,3,0],[37200,0,0],[37400,3,0],[37600,1,200],[38000,1,200]],"lengthInSteps":16,"typeOfSection":0,"mustHitSection":true},{"sectionNotes":[[38400,0,0],[38600,3,0],[38800,0,0],[39000,3,0],[39200,1,200],[39600,1,200]],"lengthInSteps":16,"typeOfSection":0,"mustHitSection":false},{"sectionNotes":[[40000,0,0],[40200,3,0],[40400,0,0],[40600,3,0],[40800,1,200],[41200,1,200]],"lengthInSteps":16,"typeOfSection":0,"mustHitSection":false},{"sectionNotes":[[41600,0,0],[41800,3,0],[42000,0,0],[42200,3,0],[42600,3,0],[42400,0,0],[42800,1,200]],"lengthInSteps":16,"typeOfSection":0,"mustHitSection":true},{"sectionNotes":[[43200,0,0],[43400,3,0],[43600,0,0],[43800,3,0],[44000,1,0],[44200,2,0],[44400,1,0],[44600,0,0]],"lengthInSteps":16,"typeOfSection":0,"mustHitSection":true},{"sectionNotes":[[44800,3,0],[45000,0,0],[46000,1,0],[46200,0,0],[44800,4,0],[44900,7,0],[45000,4,0],[45200,6,0],[45400,5,0],[45500,7,0],[45600,4,0],[45800,5,0],[45900,7,0],[46300,5,0]],"lengthInSteps":16,"typeOfSection":0,"mustHitSection":true},{"sectionNotes":[[46400,3,0],[46600,0,0],[46800,1,0],[47000,0,0],[47600,1,0],[47800,0,0],[46400,6,0],[46600,6,0],[46700,5,0],[46800,6,0],[47000,6,0],[47100,5,0],[47200,7,0],[47800,5,0],[46500,4,0],[46900,7,0],[47400,4,0],[47500,7,0],[47900,4,0]],"lengthInSteps":16,"typeOfSection":0,"mustHitSection":true},{"sectionNotes":[[48200,1,0],[48100,5,0],[48300,5,0],[48500,5,0],[48800,7,0],[48900,5,0],[49100,5,0],[49300,7,0],[48000,3,0],[48000,6,0],[48600,4,0],[48200,7,0],[49000,6,0],[49200,1,0],[49400,0,0],[49400,5,0]],"lengthInSteps":16,"typeOfSection":0,"mustHitSection":true},{"sectionNotes":[[49600,3,0],[49800,1,0],[50000,0,0],[50200,1,0],[50600,2,0],[50800,3,0],[49600,7,0],[50200,6,0],[51100,5,0],[49700,5,0],[49900,4,0],[50100,5,0],[51000,6,0],[51000,0,0]],"lengthInSteps":16,"typeOfSection":0,"mustHitSection":true},{"sectionNotes":[[51200,3,0],[52600,0,0],[51200,6,0],[51600,6,0],[51800,5,0],[52000,7,0],[52200,7,0],[52300,5,0],[52400,6,0],[52700,5,0],[51400,1,0],[51600,0,0],[51400,5,0],[51900,4,0],[52100,6,0],[52500,4,0]],"lengthInSteps":16,"typeOfSection":0,"mustHitSection":true},{"sectionNotes":[[52800,3,0],[53200,3,0],[53400,0,0],[53600,3,0],[53800,2,0],[54000,3,0],[54200,0,0],[52800,6,0],[52900,6,0],[53200,6,0],[53400,6,0],[53500,5,0],[53000,4,0],[53600,4,0],[53800,4,0],[53900,5,0],[54000,6,0],[54200,6,0],[54300,4,0],[53000,0,0],[53700,5,0],[54100,7,0]],"lengthInSteps":16,"typeOfSection":0,"mustHitSection":true},{"sectionNotes":[[54400,1,0],[55400,1,0],[55600,0,0],[55800,3,0],[54600,7,0],[54700,4,0],[54800,7,0],[55100,5,0],[55400,4,0],[55500,5,0],[55600,7,0],[55800,7,0],[55900,5,0],[54400,4,0],[54500,5,0],[54900,6,0],[55000,4,0],[55200,7,0],[55300,6,0],[55700,4,0]],"lengthInSteps":16,"typeOfSection":0,"mustHitSection":true},{"sectionNotes":[[56000,3,0],[56000,6,0],[56200,6,0],[56400,6,0],[56600,6,0],[56800,7,0],[57200,7,0],[56300,5,0],[56500,5,0],[56700,5,0],[57000,4,0],[57300,4,0]],"lengthInSteps":16,"typeOfSection":0,"mustHitSection":true},{"sectionNotes":[[57600,1,0],[57800,1,0],[58000,3,0],[58300,3,0],[58500,1,0],[58600,0,0],[58700,2,0],[58900,1,0],[59000,0,0]],"lengthInSteps":16,"typeOfSection":0,"mustHitSection":false},{"sectionNotes":[[59200,1,0],[59400,1,0],[59600,3,0],[59900,3,0],[60100,1,0],[60200,0,0],[60600,0,0],[60400,3,0]],"lengthInSteps":16,"typeOfSection":0,"mustHitSection":true},{"sectionNotes":[[60800,1,0],[61000,1,0],[61200,3,0],[61500,3,0],[61700,1,0],[61800,0,0],[62200,0,0],[62000,2,0],[62300,3,0]],"lengthInSteps":16,"typeOfSection":0,"mustHitSection":false},{"sectionNotes":[[62400,1,0],[62600,1,0],[62800,3,0],[63100,3,0],[63300,1,0],[63400,0,0],[63600,2,0],[63800,3,0]],"lengthInSteps":16,"typeOfSection":0,"mustHitSection":true},{"sectionNotes":[],"lengthInSteps":16,"typeOfSection":0,"mustHitSection":true},{"sectionNotes":[],"lengthInSteps":16,"typeOfSection":0,"mustHitSection":true},{"lengthInSteps":16,"typeOfSection":0,"sectionNotes":[],"bpm":120,"changeBPM":false,"mustHitSection":true},{"lengthInSteps":16,"typeOfSection":0,"sectionNotes":[],"bpm":150,"changeBPM":false,"mustHitSection":true},{"lengthInSteps":16,"typeOfSection":0,"sectionNotes":[],"bpm":150,"changeBPM":false,"mustHitSection":true},{"lengthInSteps":16,"typeOfSection":0,"sectionNotes":[],"bpm":150,"changeBPM":false,"mustHitSection":true},{"lengthInSteps":16,"typeOfSection":0,"sectionNotes":[],"bpm":150,"changeBPM":false,"mustHitSection":true},{"sectionNotes":[],"typeOfSection":0,"lengthInSteps":16,"mustHitSection":true,"changeBPM":false,"bpm":150},{"lengthInSteps":16,"typeOfSection":0,"sectionNotes":[],"bpm":150,"changeBPM":false,"mustHitSection":true},{"sectionNotes":[],"typeOfSection":0,"lengthInSteps":16,"mustHitSection":true,"changeBPM":false,"bpm":150},{"lengthInSteps":16,"typeOfSection":0,"sectionNotes":[],"bpm":150,"changeBPM":false,"mustHitSection":true},{"lengthInSteps":16,"typeOfSection":0,"sectionNotes":[],"bpm":150,"changeBPM":false,"mustHitSection":true}],"player2":"chungus","song":"Gold","validScore":true,"sections":0,"needsVoices":true,"speed":1.3,"bpm":150}}